https://www.macrotrends.net/stocks/charts/SHAK/shake-shack/financial-statements?freq=Q,2018-06-30,2018-03-31,2017-12-31,2017-09-30,2017-06-30,2017-03-31,2016-12-31,2016-09-30,2016-06-30,2016-03-31,2015-12-31,2015-09-30,2015-06-30,2015-03-31,2014-12-31,2014-09-30,2014-06-30,2014-03-31,2013-12-31,2012-12-31, , , , , , , , , ,12.81100,6.17700,132.84000,10.36400,11.56900,5.52000,5.74900,9.23200,8.86500,4.65000,3.57400,7.72100,6.16000,-11.02700,-1.12000,0.63100,2.08600,1.19400,0.00000,0.00000
https://www.macrotrends.net/stocks/charts/RYAM/rayonier-advanced-materials/financial-statements?freq=Q,2018-06-30,2018-03-31,2017-12-31,2017-09-30,2017-06-30,2017-03-31,2016-12-31,2016-09-30,2016-06-30,2016-03-31,2015-12-31,2015-09-30,2015-06-30,2015-03-31,2014-12-31,2014-09-30,2014-06-30,2014-03-31,2013-12-31,2013-09-30,2013-06-30,2012-12-31,2011-12-31, , , , , , ,72.47800,34.29900,296.82200,23.39400,6.86100,17.61800,17.20000,32.89000,30.41700,32.09400,19.82100,49.05600,-0.66400,14.65100,-38.02500,32.15200,2.98000,43.36400,0.00000,59.66800,71.64600,0.00000,0.00000
https://www.macrotrends.net/stocks/charts/HPJ/highpower-inc/financial-statements?freq=Q,2018-06-30,2018-03-31,2017-12-31,2017-09-30,2017-06-30,2017-03-31,2016-12-31,2016-09-30,2016-06-30,2016-03-31,2015-12-31,2015-09-30,2015-06-30,2015-03-31,2014-12-31,2014-09-30,2014-06-30,2014-03-31,2013-12-31,2013-09-30,2013-06-30,2013-03-31,2012-12-31,2012-09-30,2012-06-30,2012-03-31,2011-12-31,2011-09-30,2011-06-30,2011-03-31,2010-12-31,2010-09-30,2010-06-30,2010-03-31,2009-12-31,2009-09-30,2009-06-30,2009-03-31,2008-12-31,2008-09-30,2008-06-30,2008-03-31,2007-12-31,2007-09-30,2007-06-30,2007-03-31,2006-12-31,2006-09-30,2006-06-30,3.12360,-1.12860,7.10420,6.16680,5.05790,3.20030,2.14100,3.31920,2.04740,-0.44060,0.63580,2.12210,1.78490,-0.26380,1.94040,1.24580,1.08310,-1.07810,1.33970,1.08080,0.22640,-0.59020,0.70870,1.12340,0.83760,0.03500,-1.46280,-0.70420,0.56540,-0.38890,1.54630,1.71080,1.94590,1.96010,0.86700,2.96290,1.19740,0.56400,0.56460,0.32500,0.74850,0.89720,1.81500,0.89600,1.27010,-0.54590,0.00000,-0.01000,-0.01000
https://www.macrotrends.net/stocks/charts/PBF/pbf-energy/financial-statements?freq=Q,2018-06-30,2018-03-31,2017-12-31,2017-09-30,2017-06-30,2017-03-31,2016-12-31,2016-09-30,2016-06-30,2016-03-31,2015-12-31,2015-09-30,2015-06-30,2015-03-31,2014-12-31,2014-09-30,2014-06-30,2014-03-31,2013-12-31,2013-09-30,2013-06-30,2013-03-31,2012-12-31,2012-09-30,2012-06-30,2012-03-31,2011-12-31,2010-12-31, ,383.23200,52.75300,463.08100,551.20500,-176.19400,-39.07700,123.80500,88.11700,197.08200,-45.83600,-185.88800,67.02000,248.86900,152.25700,-501.67400,265.27200,59.31000,232.95100,119.67600,-84.20400,118.13900,77.15500,265.54000,186.56400,555.74200,-202.53100,0.00000,0.00000
https://www.macrotrends.net/stocks/charts/PRGX/prgx-global/financial-statements?freq=Q,2018-06-30,2018-03-31,2017-12-31,2017-09-30,2017-06-30,2017-03-31,2016-12-31,2016-09-30,2016-06-30,2016-03-31,2015-12-31,2015-09-30,2015-06-30,2015-03-31,2014-12-31,2014-09-30,2014-06-30,2014-03-31,2013-12-31,2013-09-30,2013-06-30,2013-03-31,2012-12-31,2012-09-30,2012-06-30,2012-03-31,2011-12-31,2011-09-30,2011-06-30,2011-03-31,2010-12-31,2010-09-30,2010-06-30,2010-03-31,2009-12-31,2009-09-30,2009-06-30,2009-03-31,2008-12-31,2008-09-30,2008-06-30,2008-03-31,2007-12-31,2007-09-30,2007-06-30,2007-03-31,2006-12-31,2006-09-30,2006-06-30,2006-03-31,2005-12-31,2005-09-30,2005-06-30,2005-03-31,-2.69100,-1.54100,6.17700,2.00700,0.55400,-1.22000,1.44000,1.46500,0.42700,0.13900,4.04600,-2.45600,2.12000,-1.80200,5.07000,0.31500,-1.28200,-3.56100,-3.07300,5.90600,2.41700,-0.44100,1.24400,3.07000,1.58600,0.78900,0.10600,1.01500,1.49400,1.49300,3.73300,3.73800,0.66300,-2.99900,3.28900,7.00600,5.64300,2.41700,8.35200,5.08500,4.91800,4.17700,-3.95800,-2.64300,-0.79200,1.96600,-5.15800,-4.65500,-3.41100,-9.69300,-181.92100,-19.02700,-6.15500,-3.83600
https://www.macrotrends.net/stocks/charts/ICHR/ichor-holdings/financial-statements?freq=Q,2018-06-30,2018-03-31,2017-12-31,2017-09-30,2017-06-30,2017-03-31,2016-12-31,2016-09-30,2016-06-30,2016-03-31,2015-12-31,2014-12-31, , , , , , , , , , , , , , , , , ,23.79300,17.81200,10.86700,7.74200,10.94300,13.47700,8.78000,5.79300,3.50000,2.06800,0.00000,0.00000
https://www.macrotrends.net/stocks/charts/MPLX/mplx-lp/financial-statements?freq=Q,2018-06-30,2018-03-31,2017-12-31,2017-09-30,2017-06-30,2017-03-31,2016-12-31,2016-09-30,2016-06-30,2016-03-31,2015-12-31,2015-09-30,2015-06-30,2015-03-31,2014-12-31,2014-09-30,2014-06-30,2014-03-31,2013-12-31,2013-09-30,2013-06-30,2013-03-31,2012-12-31,2012-09-30,2012-06-30,2012-03-31,2011-12-31,2011-09-30,2010-12-31,457.00000,427.00000,239.00000,218.00000,193.00000,187.00000,182.00000,194.00000,64.00000,-18.00000,127.00000,63.00000,76.00000,68.00000,98.20000,43.10000,43.00000,55.70000,36.20000,39.60000,34.90000,35.30000,42.30000,36.80000,29.90000,35.30000,0.00000,39.30000,0.00000
https://www.macrotrends.net/stocks/charts/WP/vantiv/financial-statements?freq=Q,2018-06-30,2018-03-31,2017-12-31,2017-09-30,2017-06-30,2017-03-31,2016-12-31,2016-09-30,2016-06-30,2016-03-31,2015-12-31,2015-09-30,2015-06-30,2015-03-31,2014-12-31,2014-09-30,2014-06-30,2014-03-31,2013-12-31,2013-09-30,2013-06-30,2013-03-31,2012-12-31,2012-09-30,2012-06-30,2012-03-31,2011-12-31,2011-09-30,2011-06-30,2011-03-31,2010-12-31,2009-12-31,2009-06-30,2008-12-31,11.30000,-111.50000,501.16200,151.55000,120.50000,40.50000,103.22000,126.32800,116.90200,76.27400,97.22100,83.92400,77.01200,39.24900,109.84000,63.28100,5.33300,56.71300,83.21200,79.49800,66.91400,62.27600,81.47300,69.53400,69.56700,-62.96300,58.00000,40.21500,12.34400,6.56700,0.00000,0.00000,0.00000,0.00000
https://www.macrotrends.net/stocks/charts/TNET/trinet/financial-statements?freq=Q,2018-06-30,2018-03-31,2017-12-31,2017-09-30,2017-06-30,2017-03-31,2016-12-31,2016-09-30,2016-06-30,2016-03-31,2015-12-31,2015-09-30,2015-06-30,2015-03-31,2014-12-31,2014-09-30,2014-06-30,2014-03-31,2013-12-31,2013-09-30,2013-06-30,2013-03-31,2012-12-31,2011-12-31, , , , , ,72.00000,67.00000,44.89600,58.10400,52.00000,45.00000,38.00200,23.68800,21.49200,20.81800,25.07200,7.35200,1.28900,26.28700,15.44100,2.96300,11.14400,3.52800,10.07000,-12.54000,7.05600,16.50400,0.00000,0.00000
https://www.macrotrends.net/stocks/charts/FND/floor-decor-holdings/financial-statements?freq=Q,2018-06-30,2018-03-31,2017-12-31,2017-09-30,2017-06-30,2017-03-31,2016-12-31,2016-09-30,2016-06-30,2016-03-31,2015-12-31,2014-12-31, , , , , , , , , , , , , , , , , ,35.10000,34.72200,30.00100,25.98600,25.30700,17.25800,12.88000,22.16800,8.00000,11.47600,0.00000,0.00000
https://www.macrotrends.net/stocks/charts/MCFT/mcbc-holdings/financial-statements?freq=Q,2018-06-30,2018-03-31,2017-12-31,2017-09-30,2017-06-30,2017-03-31,2016-12-31,2016-09-30,2016-06-30,2016-03-31,2015-12-31,2015-09-30,2015-06-30,2015-03-31,2014-12-31,2014-09-30,2014-06-30,2013-06-30, , , , , , , , , , , ,17.99100,14.30200,9.64300,10.57300,10.02100,3.72100,6.52700,11.02400,8.66900,7.45800,2.68100,-0.29000,4.39000,-0.14700,4.02000,3.85700,0.00000,0.00000
https://www.macrotrends.net/stocks/charts/OLLI/ollies-bargain-outlet-holdings/financial-statements?freq=Q,2018-07-31,2018-04-30,2018-01-31,2017-10-31,2017-07-31,2017-04-30,2017-01-31,2016-10-31,2016-07-31,2016-04-30,2016-01-31,2015-10-31,2015-07-31,2015-04-30,2015-01-31,2014-10-31,2014-07-31,2014-01-31, , , , , , , , , , , ,34.58500,35.34700,53.12300,23.06700,28.69400,25.60300,39.18800,17.24200,20.51400,19.31500,25.81700,10.64900,10.06700,10.91300,0.00000,7.87300,9.29500,0.00000
https://www.macrotrends.net/stocks/charts/FB/facebook/financial-statements?freq=Q,2018-06-30,2018-03-31,2017-12-31,2017-09-30,2017-06-30,2017-03-31,2016-12-31,2016-09-30,2016-06-30,2016-03-31,2015-12-31,2015-09-30,2015-06-30,2015-03-31,2014-12-31,2014-09-30,2014-06-30,2014-03-31,2013-12-31,2013-09-30,2013-06-30,2013-03-31,2012-12-31,2012-09-30,2012-06-30,2012-03-31,2011-12-31,2011-09-30,2011-06-30,2011-03-31,2010-12-31,2010-09-30,2010-06-30,2010-03-31,2009-12-31,2008-12-31,5868.00000,5610.00000,7462.00000,5236.00000,4488.00000,3408.00000,4534.00000,3164.00000,2754.00000,2066.00000,2557.00000,1432.00000,1273.00000,932.00000,1113.00000,1336.00000,1386.00000,1075.00000,1130.00000,726.00000,545.00000,353.00000,505.00000,372.00000,-765.00000,382.00000,520.00000,379.00000,399.00000,398.00000,437.00000,216.00000,218.00000,162.00000,0.00000,0.00000
https://www.macrotrends.net/stocks/charts/SACH/sachem-capital/financial-statements?freq=Q,2018-06-30,2018-03-31,2017-12-31,2017-09-30,2017-06-30,2017-03-31,2016-12-31,2016-09-30,2016-06-30,2016-03-31,2015-12-31,2014-12-31, , , , , , , , , , , , , , , , , ,2.21020,1.97270,1.68950,1.31790,0.95660,0.89680,0.84000,0.67470,0.86930,0.68310,0.00000,0.00000
https://www.macrotrends.net/stocks/charts/HQY/healthequity/financial-statements?freq=Q,2018-07-31,2018-04-30,2018-01-31,2017-10-31,2017-07-31,2017-04-30,2017-01-31,2016-10-31,2016-07-31,2016-04-30,2016-01-31,2015-10-31,2015-07-31,2015-04-30,2015-01-31,2014-10-31,2014-07-31,2014-04-30,2014-01-31,2013-10-31,2013-07-31,2013-01-31, , , , , , , ,21.48800,20.53900,6.72800,13.16700,16.45700,15.83700,6.02300,8.78600,12.70200,12.60900,4.29600,6.42500,6.95600,7.87700,1.92200,4.14900,5.03200,4.66100,0.00000,3.25800,3.57300,0.00000
https://www.macrotrends.net/stocks/charts/PPBI/pacific-premier-bancorp-inc/financial-statements?freq=Q,2018-06-30,2018-03-31,2017-12-31,2017-09-30,2017-06-30,2017-03-31,2016-12-31,2016-09-30,2016-06-30,2016-03-31,2015-12-31,2015-09-30,2015-06-30,2015-03-31,2014-12-31,2014-09-30,2014-06-30,2014-03-31,2013-12-31,2013-09-30,2013-06-30,2013-03-31,2012-12-31,2012-09-30,2012-06-30,2012-03-31,2011-12-31,2011-09-30,2011-06-30,2011-03-31,2010-12-31,2010-09-30,2010-06-30,2010-03-31,2009-12-31,2009-09-30,2009-06-30,2009-03-31,2008-12-31,2008-09-30,2008-06-30,2008-03-31,2007-12-31,2007-09-30,2007-06-30,2007-03-31,2006-12-31,2006-09-30,2006-06-30,2006-03-31,2005-12-31,2005-09-30,2005-06-30,2005-03-31,37.48500,36.88600,35.54100,30.85100,21.69700,14.13700,19.19100,15.10400,16.72700,14.29600,12.81500,12.63800,12.42600,2.84500,6.78000,8.86000,7.49800,4.19700,6.67800,4.91200,-0.15800,3.14800,6.23200,5.58800,9.60600,4.33900,4.07400,3.94500,1.08800,7.87600,2.53800,2.87000,0.35700,0.55600,0.05200,-0.11100,-1.30500,0.81700,0.09400,1.58200,-2.24500,1.31000,0.95100,1.42500,1.85900,1.49100,2.04000,2.34900,1.60900,1.89100,2.08000,2.23000,2.55000,1.79000
https://www.macrotrends.net/stocks/charts/PNFP/pinnacle-financial-partners/financial-statements?freq=Q,2018-06-30,2018-03-31,2017-12-31,2017-09-30,2017-06-30,2017-03-31,2016-12-31,2016-09-30,2016-06-30,2016-03-31,2015-12-31,2015-09-30,2015-06-30,2015-03-31,2014-12-31,2014-09-30,2014-06-30,2014-03-31,2013-12-31,2013-09-30,2013-06-30,2013-03-31,2012-12-31,2012-09-30,2012-06-30,2012-03-31,2011-12-31,2011-09-30,2011-06-30,2011-03-31,2010-12-31,2010-09-30,2010-06-30,2010-03-31,2009-12-31,2009-09-30,2009-06-30,2009-03-31,2008-12-31,2008-09-30,2008-06-30,2008-03-31,2007-12-31,2007-09-30,2007-06-30,2007-03-31,2006-12-31,2006-09-30,2006-06-30,2006-03-31,2005-12-31,2005-09-30,2005-06-30,2005-03-31,109.86500,103.14300,81.96540,99.50260,63.07400,53.44400,54.34500,48.69240,46.54540,41.80110,40.43170,36.13460,33.91600,32.61560,28.26370,27.21480,25.66760,24.50670,22.59500,21.95240,21.28870,20.04840,18.01170,16.37100,15.54530,12.59940,9.20670,9.12800,6.66030,3.50470,3.09920,2.09100,-20.73360,-4.34690,-5.93460,-7.12920,-54.81220,2.98320,11.63600,12.08330,10.87800,8.64370,8.59920,8.40970,7.82830,8.19640,8.13880,7.94220,6.46340,3.83870,3.11900,2.86760,2.76230,2.49860
https://www.macrotrends.net/stocks/charts/IBTX/independent-bank/financial-statements?freq=Q,2018-06-30,2018-03-31,2017-12-31,2017-09-30,2017-06-30,2017-03-31,2016-12-31,2016-09-30,2016-06-30,2016-03-31,2015-12-31,2015-09-30,2015-06-30,2015-03-31,2014-12-31,2014-09-30,2014-06-30,2014-03-31,2013-12-31,2013-09-30,2013-06-30,2013-03-31,2012-12-31,2012-09-30,2012-06-30,2012-03-31,2011-12-31,2010-12-31, ,37.15400,35.76900,37.38300,35.21000,26.69500,22.39900,22.19200,21.65900,17.66600,18.61400,15.90800,12.12600,15.77500,13.98800,15.45400,13.50300,7.80100,7.14000,6.76800,5.88600,6.11900,5.68800,6.09000,4.49300,3.67100,3.12400,0.00000,0.00000
https://www.macrotrends.net/stocks/charts/LGIH/lgi-homes/financial-statements?freq=Q,2018-06-30,2018-03-31,2017-12-31,2017-09-30,2017-06-30,2017-03-31,2016-12-31,2016-09-30,2016-06-30,2016-03-31,2015-12-31,2015-09-30,2015-06-30,2015-03-31,2014-12-31,2014-09-30,2014-06-30,2014-03-31,2013-12-31,2013-09-30,2013-06-30,2013-03-31,2012-12-31,2012-09-30,2011-12-31, , , , ,62.67100,31.22700,55.04100,50.87700,48.64200,16.84200,34.94700,29.48800,31.40800,17.82900,24.09200,23.22100,21.24600,11.72100,11.57400,10.53400,13.90400,7.06700,9.91700,5.28700,5.10200,2.49700,0.00000,3.78220,0.00000
https://www.macrotrends.net/stocks/charts/ADBE/adobe/financial-statements?freq=Q,2018-08-31,2018-05-31,2018-02-28,2017-11-30,2017-08-31,2017-05-31,2017-02-28,2016-11-30,2016-08-31,2016-05-31,2016-02-29,2015-11-30,2015-08-31,2015-05-31,2015-02-28,2014-11-30,2014-08-31,2014-05-31,2014-02-28,2013-11-30,2013-08-31,2013-05-31,2013-02-28,2012-11-30,2012-08-31,2012-05-31,2012-02-29,2011-11-30,2011-08-31,2011-05-31,2011-02-28,2010-11-30,2010-08-31,2010-05-31,2010-02-28,2009-11-30,2009-08-31,2009-05-31,2009-02-28,2008-11-30,2008-08-31,2008-05-31,2008-02-29,2007-11-30,2007-08-31,2007-05-31,2007-02-28,2006-11-30,2006-08-31,2006-05-31,2006-02-28,2005-11-30,2005-08-31,2005-05-31,2005-02-28,701.35800,690.79900,702.50200,643.01210,541.37900,492.61800,460.63200,456.70000,356.30100,329.83000,292.30700,296.94000,232.61900,180.97400,163.24800,112.27500,62.93800,121.27100,64.89200,88.27000,93.26000,91.12700,83.48400,290.63090,263.21200,294.57400,270.37700,233.18000,256.71900,259.24400,286.08700,286.01100,296.75200,194.17300,166.21500,160.21200,174.41600,163.73000,203.16200,276.34400,228.51400,278.00600,295.64400,290.67700,276.99500,205.11600,174.40200,247.96100,123.01200,164.49700,144.25700,207.21900,193.96400,187.80800,176.78500
https://www.macrotrends.net/stocks/charts/VBTX/veritex-holdings/financial-statements?freq=Q,2018-06-30,2018-03-31,2017-12-31,2017-09-30,2017-06-30,2017-03-31,2016-12-31,2016-09-30,2016-06-30,2016-03-31,2015-12-31,2015-09-30,2015-06-30,2015-03-31,2014-12-31,2014-09-30,2014-06-30,2014-03-31,2013-12-31,2013-09-30,2012-12-31,2011-12-31, , , , , , , ,12.54300,13.89900,10.48400,7.83200,5.41700,4.44800,4.82000,5.14300,4.81200,4.24300,3.87600,3.81800,2.78200,2.43100,2.48300,2.08200,1.87500,1.47000,0.00000,1.44400,0.00000,0.00000
https://www.macrotrends.net/stocks/charts/NCOM/national-commerce/financial-statements?freq=Q,2018-06-30,2018-03-31,2017-12-31,2017-09-30,2017-06-30,2017-03-31,2016-12-31,2016-09-30,2016-06-30,2016-03-31,2015-12-31,2015-09-30,2015-06-30,2015-03-31,2014-12-31,2014-09-30,2014-06-30,2014-03-31,2013-12-31,2013-09-30,2012-12-31, , , , , , , , ,14.60300,12.31500,11.53700,11.09500,10.16100,9.25300,7.88100,7.87400,6.85400,6.20200,5.04200,4.51600,4.11300,3.47900,3.16900,2.56400,1.70600,1.63500,0.00000,1.60900,0.00000
https://www.macrotrends.net/stocks/charts/BERY/berry-global/financial-statements?freq=Q,2018-06-30,2018-03-31,2017-12-31,2017-09-30,2017-06-30,2017-03-31,2016-12-31,2016-09-30,2016-06-30,2016-03-31,2015-12-31,2015-09-30,2015-06-30,2015-03-31,2014-12-31,2014-09-30,2014-06-30,2014-03-31,2013-12-31,2013-09-30,2013-06-30,2013-03-31,2012-12-31,2012-09-30,2012-06-30,2012-03-31,2011-12-31,2011-09-30,2010-09-30,2009-09-30,146.00000,117.00000,92.00000,137.00000,145.00000,88.00000,79.00000,83.00000,120.00000,98.00000,7.00000,69.00000,-22.00000,59.00000,16.00000,44.00000,-4.00000,18.00000,9.00000,35.00000,62.00000,3.00000,-15.00000,32.00000,16.00000,6.00000,-50.00000,0.00000,0.00000,0.00000
https://www.macrotrends.net/stocks/charts/RBB/rbb-bancorp/financial-statements?freq=Q,2018-06-30,2018-03-31,2017-12-31,2017-09-30,2017-06-30,2017-03-31,2016-12-31,2016-09-30,2016-06-30,2015-12-31,2014-12-31, , , , , , , , , , , , , , , , , , ,11.72900,10.42700,12.36800,10.62400,14.43700,9.36800,0.00000,9.76700,8.82900,0.00000,0.00000
https://www.macrotrends.net/stocks/charts/MTN/vail-resorts/financial-statements?freq=Q,2018-07-31,2018-04-30,2018-01-31,2017-10-31,2017-07-31,2017-04-30,2017-01-31,2016-10-31,2016-07-31,2016-04-30,2016-01-31,2015-10-31,2015-07-31,2015-04-30,2015-01-31,2014-10-31,2014-07-31,2014-04-30,2014-01-31,2013-10-31,2013-07-31,2013-04-30,2013-01-31,2012-10-31,2012-07-31,2012-04-30,2012-01-31,2011-10-31,2011-07-31,2011-04-30,2011-01-31,2010-10-31,2010-07-31,2010-04-30,2010-01-31,2009-10-31,2009-07-31,2009-04-30,2009-01-31,2008-10-31,2008-07-31,2008-04-30,2008-01-31,2007-10-31,2007-07-31,2007-04-30,2007-01-31,2006-10-31,2006-07-31,2006-04-30,2006-01-31,2005-10-31,2005-07-31,2005-04-30,2005-01-31,-131.01500,344.17100,252.26700,-125.33100,-96.45000,297.49100,244.53500,-97.12700,-103.73200,253.34100,189.25400,-96.24400,-109.10400,214.00700,146.52600,-102.10100,-120.51000,187.54600,94.54000,-117.50400,-97.61400,157.40200,97.62700,-98.18600,-89.23200,132.28100,76.16400,-92.12100,-86.95700,124.88500,88.76600,-71.17400,-62.55900,115.62900,69.79200,-69.06500,-64.41400,101.12900,100.74500,-56.26400,-13.01700,141.55600,83.07200,-40.67800,-56.26400,128.70100,86.92800,-58.71400,-51.25100,112.02800,70.50900,-56.27600,-59.24300,95.58900,52.42500
https://www.macrotrends.net/stocks/charts/MDSO/medidata-solutions/financial-statements?freq=Q,2018-06-30,2018-03-31,2017-12-31,2017-09-30,2017-06-30,2017-03-31,2016-12-31,2016-09-30,2016-06-30,2016-03-31,2015-12-31,2015-09-30,2015-06-30,2015-03-31,2014-12-31,2014-09-30,2014-06-30,2014-03-31,2013-12-31,2013-09-30,2013-06-30,2013-03-31,2012-12-31,2012-09-30,2012-06-30,2012-03-31,2011-12-31,2011-09-30,2011-06-30,2011-03-31,2010-12-31,2010-09-30,2010-06-30,2010-03-31,2009-12-31,2009-09-30,2009-06-30,2009-03-31,2008-12-31,2008-09-30,2008-06-30,17.19400,9.74300,13.82100,19.07700,9.60600,9.72300,14.33200,11.70500,7.89800,3.37900,6.39100,7.80800,1.56800,0.00800,5.69600,0.19100,3.70500,-3.07800,-5.00600,7.22600,8.85800,7.30400,9.36700,6.82600,5.71000,6.16600,0.82800,7.84600,10.73700,3.55400,10.07300,6.11800,4.60500,2.92600,2.99600,1.76800,0.40100,1.87600,0.00000,-3.24800,-5.73500
https://www.macrotrends.net/stocks/charts/ABMD/abiomed/financial-statements?freq=Q,2018-06-30,2018-03-31,2017-12-31,2017-09-30,2017-06-30,2017-03-31,2016-12-31,2016-09-30,2016-06-30,2016-03-31,2015-12-31,2015-09-30,2015-06-30,2015-03-31,2014-12-31,2014-09-30,2014-06-30,2014-03-31,2013-12-31,2013-09-30,2013-06-30,2013-03-31,2012-12-31,2012-09-30,2012-06-30,2012-03-31,2011-12-31,2011-09-30,2011-06-30,2011-03-31,2010-12-31,2010-09-30,2010-06-30,2010-03-31,2009-12-31,2009-09-30,2009-06-30,2009-03-31,2008-12-31,2008-09-30,2008-06-30,2008-03-31,2007-12-31,2007-09-30,2007-06-30,2007-03-31,2006-12-31,2006-09-30,2006-06-30,2006-03-31,2005-12-31,2005-09-30,2005-06-30,2005-03-31,48.48700,48.50700,45.65400,32.48400,33.79200,29.35600,25.82600,14.73600,21.42500,20.22700,17.49800,12.96600,15.14700,12.37200,13.70100,4.17500,-1.48300,3.76200,4.65100,1.42900,-1.31200,4.14000,3.24300,5.92400,3.55500,2.92800,3.28700,0.82600,-4.49800,-1.52900,-0.63800,-2.95900,-5.73700,1.21800,-4.60500,-7.43200,-7.53400,-8.30200,-7.51700,-6.05700,-8.96900,-14.90200,-8.13400,-9.23700,-8.13000,-6.21800,-6.62200,-8.57300,-5.99300,-3.57900,-4.22700,-2.77900,-18.50800,-0.22100
https://www.macrotrends.net/stocks/charts/MGYR/magyar-bancorp/financial-statements?freq=Q,2018-06-30,2018-03-31,2017-12-31,2017-09-30,2017-06-30,2017-03-31,2016-12-31,2016-09-30,2016-06-30,2016-03-31,2015-12-31,2015-09-30,2015-06-30,2015-03-31,2014-12-31,2014-09-30,2014-06-30,2014-03-31,2013-12-31,2013-09-30,2013-06-30,2013-03-31,2012-12-31,2012-09-30,2012-06-30,2012-03-31,2011-12-31,2011-09-30,2011-06-30,2011-03-31,2010-12-31,2010-09-30,2010-06-30,2010-03-31,2009-12-31,2009-09-30,2009-06-30,2009-03-31,2008-12-31,2008-09-30,2008-06-30,2008-03-31,2007-12-31,2007-09-30,2007-06-30,2007-03-31,2006-12-31,2006-09-30,2006-06-30,2006-03-31,2005-12-31,2005-09-30,0.88800,0.57800,0.89300,0.81300,0.49800,0.51900,0.58700,0.57100,0.40100,0.28100,0.50200,0.49100,0.36400,0.19900,0.25600,0.26700,0.26500,0.05300,0.17400,0.21600,0.27100,-0.61800,0.41400,0.38200,0.24200,-0.03200,0.03800,0.17000,0.07500,-0.60100,0.16300,0.14000,0.08000,0.28000,-0.30000,0.11000,-2.76000,0.43000,-3.84000,-2.76000,0.08000,-0.34000,0.16000,0.13000,0.27000,0.20000,0.37000,0.41000,0.39000,-1.16000,0.24000,0.00000
https://www.macrotrends.net/stocks/charts/BIP/brookfield-infrastructure-partners-lp/financial-statements?freq=Q,2018-06-30,2018-03-31,2017-12-31,2017-09-30,2017-06-30,2017-03-31,2016-12-31,2016-09-30,2016-06-30,2016-03-31,2015-12-31,2015-09-30,2015-06-30,2015-03-31,2014-12-31,2014-09-30,2014-06-30,2014-03-31,2013-12-31,2013-09-30,2013-06-30,2013-03-31,2012-12-31,2012-09-30,2012-06-30,2012-03-31,2011-12-31,2011-09-30,2011-06-30,2011-03-31,2010-12-31,2010-09-30,2010-06-30,2010-03-31,2009-12-31,2009-09-30,2009-06-30,2009-03-31,2008-12-31,2008-09-30,2008-06-30,2008-03-31,291.00000,512.00000,317.00000,181.00000,191.00000,58.00000,208.00000,88.00000,160.00000,87.00000,5.00000,194.00000,29.00000,159.00000,64.00000,122.00000,66.00000,56.00000,-180.00000,35.00000,186.00000,-19.00000,578.00000,482.00000,-21.00000,20.00000,221.00000,223.00000,85.00000,69.00000,538.80000,-107.00000,72.00000,-8.80000,-71.90000,-1.90000,107.00000,-3.40000,1.10000,2.60000,-0.60000,3.10000
https://www.macrotrends.net/stocks/charts/BWFG/bankwell-financial/financial-statements?freq=Q,2018-06-30,2018-03-31,2017-12-31,2017-09-30,2017-06-30,2017-03-31,2016-12-31,2016-09-30,2016-06-30,2016-03-31,2015-12-31,2015-09-30,2015-06-30,2015-03-31,2014-12-31,2014-09-30,2014-06-30,2014-03-31,2013-12-31,2013-09-30,2013-06-30,2013-03-31,2012-12-31, , , , , , ,5.94100,5.82200,7.37100,6.15800,6.16300,5.43700,5.17300,4.57700,4.21600,4.34400,4.04100,3.48100,3.56100,2.78800,0.95500,2.25600,1.86300,1.66300,1.29000,2.09900,2.38900,1.58100,0.00000
https://www.macrotrends.net/stocks/charts/OZK/bank-ozk/financial-statements?freq=Q,2018-06-30,2018-03-31,2017-12-31,2017-09-30,2017-06-30,2017-03-31,2016-12-31,2016-09-30,2016-06-30,2016-03-31,2015-12-31,2015-09-30,2015-06-30,2015-03-31,2014-12-31,2014-09-30,2014-06-30,2014-03-31,2013-12-31,2013-09-30,2013-06-30,2013-03-31,2012-12-31,2012-09-30,2012-06-30,2012-03-31,2011-12-31,2011-09-30,2011-06-30,2011-03-31,2010-12-31,2010-09-30,2010-06-30,2010-03-31,2009-12-31,2009-09-30,2009-06-30,2009-03-31,2008-12-31,2008-09-30,2008-06-30,2008-03-31,2007-12-31,2007-09-30,2007-06-30,2007-03-31,2006-12-31,2006-09-30,2006-06-30,2006-03-31,2005-12-31,2005-09-30,2005-06-30,2005-03-31,153.33000,147.10600,149.58800,150.29300,144.01400,136.62800,137.15600,118.51400,86.00900,82.67900,80.20200,69.51600,68.99400,58.05700,52.06100,47.65900,38.72900,33.99800,36.28300,36.70900,29.88500,28.53700,30.19500,27.17300,27.67100,25.96000,25.18900,27.10700,78.58400,20.63100,23.21900,30.08600,14.34600,22.88700,17.15200,12.04300,13.82700,12.92000,9.99400,12.25900,11.69300,10.67000,11.17300,12.25800,11.78800,10.97000,10.55000,11.19700,11.42200,11.94200,11.84300,11.55400,11.21600,10.83500
https://www.macrotrends.net/stocks/charts/NVEE/nv5-global/financial-statements?freq=Q,2018-06-30,2018-03-31,2017-12-31,2017-09-30,2017-06-30,2017-03-31,2016-12-31,2016-09-30,2016-06-30,2016-03-31,2015-12-31,2015-09-30,2015-06-30,2015-03-31,2014-12-31,2014-09-30,2014-06-30,2014-03-31,2013-12-31,2013-09-30,2013-06-30,2013-03-31,2012-12-31,2012-09-30,2012-06-30,2012-03-31,2011-12-31, , ,8.70000,5.69000,7.32900,8.43500,6.58700,2.28200,4.98100,5.39400,4.51800,3.25300,4.17500,4.86900,2.72900,1.71400,2.44100,2.74900,1.66400,1.11500,0.69100,1.14200,1.06400,0.73600,0.77000,1.04300,0.66600,-0.51500,0.00000
https://www.macrotrends.net/stocks/charts/BLMT/bsb-bancorp/financial-statements?freq=Q,2018-06-30,2018-03-31,2017-12-31,2017-09-30,2017-06-30,2017-03-31,2016-12-31,2016-09-30,2016-06-30,2016-03-31,2015-12-31,2015-09-30,2015-06-30,2015-03-31,2014-12-31,2014-09-30,2014-06-30,2014-03-31,2013-12-31,2013-09-30,2013-06-30,2013-03-31,2012-12-31,2012-09-30,2012-06-30,2012-03-31,2011-12-31,2011-09-30,2011-06-30,2011-03-31,2010-12-31,2010-09-30,2010-06-30,2009-12-31,2009-09-30,8.29200,8.07400,7.49100,6.60000,6.59100,5.58600,5.43100,5.19800,4.68700,4.09000,3.33900,3.03400,2.62200,2.24100,2.23000,1.98400,1.65500,0.98400,0.93200,0.85100,0.56100,0.65800,0.78900,0.24600,0.42000,0.65900,-1.85300,0.40800,-0.39800,2.43700,0.00000,1.37900,-0.39100,0.00000,0.00000
https://www.macrotrends.net/stocks/charts/PATK/patrick-industries/financial-statements?freq=Q,2018-06-30,2018-03-31,2017-12-31,2017-09-30,2017-06-30,2017-03-31,2016-12-31,2016-09-30,2016-06-30,2016-03-31,2015-12-31,2015-09-30,2015-06-30,2015-03-31,2014-12-31,2014-09-30,2014-06-30,2014-03-31,2013-12-31,2013-09-30,2013-06-30,2013-03-31,2012-12-31,2012-09-30,2012-06-30,2012-03-31,2011-12-31,2011-09-30,2011-06-30,2011-03-31,2010-12-31,2010-09-30,2010-06-30,2010-03-31,2009-12-31,2009-09-30,2009-06-30,2009-03-31,2008-12-31,2008-09-30,2008-06-30,2008-03-31,2007-12-31,2007-09-30,2007-06-30,2007-03-31,2006-12-31,2006-09-30,2006-06-30,2006-03-31,2005-12-31,2005-09-30,2005-06-30,2005-03-31,46.79100,37.38000,31.47300,28.03900,31.69700,21.90100,20.11200,18.20000,26.37500,18.96500,17.31800,14.04900,19.47300,14.75900,11.06000,11.79600,15.01000,11.21200,8.08400,8.43400,12.39200,9.86400,3.04400,6.55400,6.66300,5.01100,1.30900,4.53600,3.69700,-1.23500,-1.02000,-0.62900,1.88400,0.91000,1.00800,-0.82500,-1.49000,-4.60500,-72.57000,-3.72800,2.76700,-3.07800,-6.05100,0.27600,-2.13300,-1.10000,-1.19900,0.66300,2.19400,1.21100,2.02900,0.23200,0.39700,-0.21800
https://www.macrotrends.net/stocks/charts/MPW/medical-properties-trust/financial-statements?freq=Q,2018-06-30,2018-03-31,2017-12-31,2017-09-30,2017-06-30,2017-03-31,2016-12-31,2016-09-30,2016-06-30,2016-03-31,2015-12-31,2015-09-30,2015-06-30,2015-03-31,2014-12-31,2014-09-30,2014-06-30,2014-03-31,2013-12-31,2013-09-30,2013-06-30,2013-03-31,2012-12-31,2012-09-30,2012-06-30,2012-03-31,2011-12-31,2011-09-30,2011-06-30,2011-03-31,2010-12-31,2010-09-30,2010-06-30,2010-03-31,2009-12-31,2009-09-30,2009-06-30,2009-03-31,2008-12-31,2008-09-30,2008-06-30,2008-03-31,2007-12-31,2007-09-30,2007-06-30,2007-03-31,2006-12-31,2006-09-30,2006-06-30,2006-03-31,2005-12-31,2005-09-30,2005-06-30,2005-03-31,113.58000,92.21800,74.27400,77.41100,73.18200,69.05200,35.24200,71.03300,54.28800,58.54500,58.82400,23.20300,23.05200,36.35100,15.13700,28.91200,-0.16300,7.25200,13.77400,25.48600,25.14600,25.62100,22.11300,22.86500,18.99200,8.91900,2.82400,-1.90400,1.67600,9.65200,-1.89100,8.66300,-0.30500,-3.43800,3.16000,10.09500,6.95700,9.73300,-4.28200,6.62700,8.19800,8.04700,4.06670,8.42420,10.79270,3.31140,-3.85210,7.81750,6.95840,7.05920,5.62700,5.25610,4.37980,3.55990
https://www.macrotrends.net/stocks/charts/FFWM/first-foundation/financial-statements?freq=Q,2018-06-30,2018-03-31,2017-12-31,2017-09-30,2017-06-30,2017-03-31,2016-12-31,2016-09-30,2016-06-30,2016-03-31,2015-12-31,2015-09-30,2015-06-30,2015-03-31,2014-12-31,2014-09-30,2014-06-30,2014-03-31,2013-12-31,2013-09-30,2013-06-30,2013-03-31,2012-12-31, , , , , , ,6.80300,12.57400,13.04000,14.20900,14.28700,9.06300,10.59900,15.47500,5.73100,6.52900,8.34500,4.80300,5.11700,4.56700,5.15100,4.78900,2.36100,2.52000,2.46000,2.34300,2.98700,1.70700,0.00000
https://www.macrotrends.net/stocks/charts/FVCB/fvcbankcorp/financial-statements?freq=Q,2018-06-30,2018-03-31,2017-09-30,2017-06-30,2017-03-31,2016-12-31,2016-09-30,2016-06-30,2016-03-31,2015-12-31,2015-09-30,2015-06-30,2015-03-31,2014-12-31,2013-12-31,2012-12-31, , , , , , , , , , , , , ,12.43300,11.72600,10.66500,10.13600,10.18000,9.05300,8.67900,8.13500,7.94100,7.13700,7.00600,6.83700,6.73800,0.00000,0.00000,0.00000
https://www.macrotrends.net/stocks/charts/AVD/american-vanguard/financial-statements?freq=Q,2018-06-30,2018-03-31,2017-12-31,2017-09-30,2017-06-30,2017-03-31,2016-12-31,2016-09-30,2016-06-30,2016-03-31,2015-12-31,2015-09-30,2015-06-30,2015-03-31,2014-12-31,2014-09-30,2014-06-30,2014-03-31,2013-12-31,2013-09-30,2013-06-30,2013-03-31,2012-12-31,2012-09-30,2012-06-30,2012-03-31,2011-12-31,2011-09-30,2011-06-30,2011-03-31,2010-12-31,2010-09-30,2010-06-30,2010-03-31,2009-12-31,2009-09-30,2009-06-30,2009-03-31,2008-12-31,2008-09-30,2008-06-30,2008-03-31,2007-12-31,2007-09-30,2007-06-30,2007-03-31,2006-12-31,2006-09-30,2006-06-30,2006-03-31,2005-12-31,2005-09-30,2005-06-30,2005-03-31,7.61300,6.51400,7.65000,6.08700,6.28100,4.83500,5.76600,4.39900,4.66300,4.08900,4.02400,4.73600,0.53700,-0.33500,0.52500,0.14700,-0.12100,3.09300,1.11700,14.69000,12.22700,25.80000,16.88700,12.62900,13.63300,13.70300,10.32200,7.28700,9.72100,7.89300,4.80300,5.68300,2.68300,3.00500,-13.72300,3.08100,-0.02400,1.12800,12.63100,9.64000,7.07700,2.82500,12.01700,8.98100,5.98400,3.54400,9.79100,7.08100,5.52500,4.12500,12.76700,8.56500,4.46800,5.13900
https://www.macrotrends.net/stocks/charts/INGN/inogen/financial-statements?freq=Q,2018-06-30,2018-03-31,2017-12-31,2017-09-30,2017-06-30,2017-03-31,2016-12-31,2016-09-30,2016-06-30,2016-03-31,2015-12-31,2015-09-30,2015-06-30,2015-03-31,2014-12-31,2014-09-30,2014-06-30,2014-03-31,2013-12-31,2013-09-30,2013-06-30,2013-03-31,2012-12-31,2011-12-31, , , , , ,13.64600,9.68700,5.79400,8.81700,9.16600,5.87900,5.83400,5.44900,8.04200,3.40000,3.31700,3.67800,5.31400,2.41800,1.33700,3.47400,3.77600,1.46500,0.24000,0.81700,2.03700,0.76100,0.00000,0.00000
https://www.macrotrends.net/stocks/charts/EDUC/educational-development/financial-statements?freq=Q,2018-05-31,2018-02-28,2017-11-30,2017-08-31,2017-05-31,2017-02-28,2016-11-30,2016-08-31,2016-05-31,2016-02-29,2015-11-30,2015-08-31,2015-05-31,2015-02-28,2014-11-30,2014-08-31,2014-05-31,2014-02-28,2013-11-30,2013-08-31,2013-05-31,2013-02-28,2012-11-30,2012-08-31,2012-05-31,2012-02-29,2011-11-30,2011-08-31,2011-05-31,2011-02-28,2010-11-30,2010-08-31,2010-05-31,2010-02-28,2009-11-30,2009-08-31,2009-05-31,2009-02-28,2008-11-30,2008-08-31,2008-05-31,2008-02-29,2007-11-30,2007-08-31,2007-05-31,2007-02-28,2006-11-30,2006-08-31,2006-05-31,2006-02-28,2005-11-30,2005-08-31,2005-05-31,2005-02-28,2.49580,0.73500,3.43280,1.68270,1.98220,1.04670,2.04010,0.52070,1.00460,-0.05790,2.03310,1.03900,0.53170,0.14840,0.85820,0.00830,0.38760,-0.24490,0.92740,0.08620,0.10480,-0.34350,0.84440,0.21920,0.56190,0.43000,1.16690,0.20010,0.48070,0.01850,1.24830,0.30310,0.30030,0.54400,1.48320,0.35920,0.66600,0.80550,1.04480,0.52060,0.76800,0.78100,1.40650,0.60680,0.93780,0.78270,1.30400,0.70090,1.09050,0.80640,1.16700,0.63840,1.20250,0.52590
https://www.macrotrends.net/stocks/charts/LMAT/lemaitre-vascular/financial-statements?freq=Q,2018-06-30,2018-03-31,2017-12-31,2017-09-30,2017-06-30,2017-03-31,2016-12-31,2016-09-30,2016-06-30,2016-03-31,2015-12-31,2015-09-30,2015-06-30,2015-03-31,2014-12-31,2014-09-30,2014-06-30,2014-03-31,2013-12-31,2013-09-30,2013-06-30,2013-03-31,2012-12-31,2012-09-30,2012-06-30,2012-03-31,2011-12-31,2011-09-30,2011-06-30,2011-03-31,2010-12-31,2010-09-30,2010-06-30,2010-03-31,2009-12-31,2009-09-30,2009-06-30,2009-03-31,2008-12-31,2008-09-30,2008-06-30,2008-03-31,2007-12-31,2007-09-30,2007-06-30,2007-03-31,2006-12-31,2006-06-30,11.54700,4.91600,6.32900,5.07300,5.46500,4.23900,3.83400,5.30700,3.83600,3.26500,3.13500,3.13900,2.82400,2.32600,2.69400,1.89900,2.00000,-0.27300,1.09800,0.78500,1.37500,1.07000,0.85500,1.05500,1.42000,0.66300,0.78400,1.94600,0.90400,0.11800,-1.30200,2.06500,1.96300,1.29900,1.31200,1.46300,1.11400,-1.67400,0.26300,-0.05900,-0.75100,-2.27400,-1.07000,-0.96100,-0.07000,-0.60000,0.00000,8.76000
https://www.macrotrends.net/stocks/charts/ATAX/america-first-multifamily-investors/financial-statements?freq=Q,2018-06-30,2018-03-31,2017-12-31,2017-09-30,2017-06-30,2017-03-31,2016-12-31,2016-09-30,2016-06-30,2016-03-31,2015-12-31,2015-09-30,2015-06-30,2015-03-31,2014-12-31,2014-09-30,2014-06-30,2014-03-31,2013-12-31,2013-09-30,2013-06-30,2013-03-31,2012-12-31,2012-09-30,2012-06-30,2012-03-31,2011-12-31,2011-09-30,2011-06-30,2011-03-31,2010-12-31,2010-09-30,2010-06-30,2010-03-31,2009-12-31,2009-09-30,2009-06-30,2009-03-31,2008-12-31,2008-09-30,2008-06-30,2008-03-31,2007-12-31,2007-09-30,2007-06-30,2007-03-31,2006-12-31,2006-09-30,2006-06-30,2006-03-31,2005-12-31,2005-09-30,2005-06-30,2005-03-31,3.35110,5.99730,19.55660,3.26050,4.04640,9.81860,5.59830,4.95390,15.65880,2.53170,10.11600,2.28640,7.98330,2.49920,2.00420,3.29800,3.62760,6.04670,2.13680,2.00880,3.93910,6.56110,1.23100,0.82170,0.17670,0.53440,-3.90960,0.24820,-0.12120,1.35720,1.91000,-2.42960,0.04500,0.34590,-1.56000,0.20000,-0.57000,-0.97000,-2.12000,0.16000,0.27000,0.01000,-0.87000,0.10000,0.76000,0.93000,0.35000,-0.05000,0.43000,0.26000,0.49000,-0.46000,-0.01000,0.80000
https://www.macrotrends.net/stocks/charts/INBK/first-internet-bancorp/financial-statements?freq=Q,2018-06-30,2018-03-31,2017-12-31,2017-09-30,2017-06-30,2017-03-31,2016-12-31,2016-09-30,2016-06-30,2016-03-31,2015-12-31,2015-09-30,2015-06-30,2015-03-31,2014-12-31,2014-09-30,2014-06-30,2014-03-31,2013-12-31,2013-09-30,2013-06-30,2013-03-31,2012-12-31,2012-09-30,2012-06-30,2012-03-31,2011-12-31, , ,6.78900,6.89000,7.01900,6.58900,5.46500,3.85500,5.38100,4.61900,4.25500,3.73000,3.47300,3.55200,3.41700,3.22300,2.20700,1.94300,1.50800,0.79200,0.65700,0.91300,2.40600,2.18300,2.35000,2.24700,1.70800,1.51800,0.00000
https://www.macrotrends.net/stocks/charts/PGC/peapack-gladstone-financial/financial-statements?freq=Q,2018-06-30,2018-03-31,2017-12-31,2017-09-30,2017-06-30,2017-03-31,2016-12-31,2016-09-30,2016-06-30,2016-03-31,2015-12-31,2015-09-30,2015-06-30,2015-03-31,2014-12-31,2014-09-30,2014-06-30,2014-03-31,2013-12-31,2013-09-30,2013-06-30,2013-03-31,2012-12-31,2012-09-30,2012-06-30,2012-03-31,2011-12-31,2011-09-30,2011-06-30,2011-03-31,2010-12-31,2010-09-30,2010-06-30,2010-03-31,2009-12-31,2009-09-30,2009-06-30,2009-03-31,2008-12-31,2008-09-30,2008-06-30,2008-03-31,2007-12-31,2007-09-30,2007-06-30,2007-03-31,2006-12-31,2006-09-30,2006-06-30,2006-03-31,2005-12-31,2005-09-30,2005-06-30,2005-03-31,15.74200,14.02100,13.29100,16.46200,12.84800,11.70600,11.78700,11.53800,10.64900,8.76700,6.59900,8.81700,8.37700,8.34700,6.81100,6.25700,6.31600,4.90200,3.53000,3.24000,3.10500,4.88800,2.03100,4.66600,4.37000,5.03400,3.56800,3.79500,3.47200,3.14700,2.58800,2.69900,2.51800,3.09000,1.93800,1.89500,2.74300,3.60400,-50.54800,5.33900,5.35900,5.20400,5.30700,3.82800,4.11100,3.82900,4.01000,1.43500,3.68100,4.60500,4.25200,4.69000,4.48900,5.47200
https://www.macrotrends.net/stocks/charts/WD/walker-dunlop/financial-statements?freq=Q,2018-06-30,2018-03-31,2017-12-31,2017-09-30,2017-06-30,2017-03-31,2016-12-31,2016-09-30,2016-06-30,2016-03-31,2015-12-31,2015-09-30,2015-06-30,2015-03-31,2014-12-31,2014-09-30,2014-06-30,2014-03-31,2013-12-31,2013-09-30,2013-06-30,2013-03-31,2012-12-31,2012-09-30,2012-06-30,2012-03-31,2011-12-31,2011-09-30,2011-06-30,2011-03-31,2010-12-31,2010-09-30,2010-06-30,2010-03-31,2009-12-31,2008-12-31,52.97000,43.89100,66.76000,54.69600,56.08200,56.12300,61.18100,48.71200,51.70600,24.18200,33.87200,33.44600,32.64200,35.40600,26.57700,24.49400,20.93100,11.91000,17.95100,12.70400,23.80200,12.33000,19.38900,11.77800,15.10900,9.49400,17.92600,9.65200,18.21800,10.86500,10.63000,7.05700,11.72800,10.74100,0.00000,0.00000
https://www.macrotrends.net/stocks/charts/WAL/western-alliance-bancorporation/financial-statements?freq=Q,2018-06-30,2018-03-31,2017-12-31,2017-09-30,2017-06-30,2017-03-31,2016-12-31,2016-09-30,2016-06-30,2016-03-31,2015-12-31,2015-09-30,2015-06-30,2015-03-31,2014-12-31,2014-09-30,2014-06-30,2014-03-31,2013-12-31,2013-09-30,2013-06-30,2013-03-31,2012-12-31,2012-09-30,2012-06-30,2012-03-31,2011-12-31,2011-09-30,2011-06-30,2011-03-31,2010-12-31,2010-09-30,2010-06-30,2010-03-31,2009-12-31,2009-09-30,2009-06-30,2009-03-31,2008-12-31,2008-09-30,2008-06-30,2008-03-31,2007-12-31,2007-09-30,2007-06-30,2007-03-31,2006-12-31,2006-09-30,2006-06-30,2006-03-31,2005-12-31,2005-09-30,2005-06-30,2005-03-31,130.00400,121.71400,124.30500,117.75700,111.92400,97.83100,96.16400,96.22300,87.94100,80.85100,77.87400,72.99300,53.05400,54.61700,54.52000,53.86800,46.74800,42.36300,36.10700,39.01300,41.90200,28.63400,43.20700,22.45300,19.44100,15.96300,9.60800,21.00600,9.98400,9.74100,-14.73700,2.56100,1.83900,-0.24300,-36.05500,-39.68100,-21.49800,-88.11800,-183.59800,-104.74800,3.31700,5.52300,3.01600,16.22400,11.79300,17.35500,13.75100,17.89700,16.99900,12.82900,13.00600,12.00700,10.14600,8.27800
